{"cameraMode":{"drawMode":0,"name":"Shaded","section":"Shading Mode"},"sceneLighting":true,"audioPlay":false,"sceneViewState":{"showFog":true,"showMaterialUpdate":false,"showSkybox":true,"showFlares":true,"showImageEffects":true,"showParticleSystems":true},"in2DMode":false,"pivot":{"x":968.4728393554688,"y":309.521728515625,"z":78.99618530273438},"rotation":{"x":0.2813631296157837,"y":-0.02447100542485714,"z":0.007177744526416063,"w":0.959263265132904},"size":459.2716064453125,"orthographic":false}