{"cameraMode":{"drawMode":0,"name":"Shaded","section":"Shading Mode"},"sceneLighting":true,"audioPlay":false,"sceneViewState":{"showFog":true,"showMaterialUpdate":false,"showSkybox":true,"showFlares":true,"showImageEffects":true,"showParticleSystems":true},"in2DMode":false,"pivot":{"x":572.0064086914063,"y":410.7369384765625,"z":23.597774505615236},"rotation":{"x":0.003284185891970992,"y":0.9878166317939758,"z":-0.15415707230567933,"w":0.021044595167040826},"size":22.0,"orthographic":false}